shirley2083@funk.net,Sra. Gael Velasques Jr.,5017040640
leatha2020@predovic.com,Sr. Ana Viveiros,(258) 479-3163
tatum.schinner@schaden.com,Sr. Guilherme Marques Jr.,(564) 844-4817
gillian2062@willms.name,Sarah Solimões,286/918-3722
luz_wiza@rogahn.info,Srta. Marina da Cunha,436-634-0862
verner1940@leannon.name,Maria Vitória Bonfim,7488675504
estella2052@weimann.net,Sr. Beatriz Caldas,341.734.0986
nels.predovic@oconnell.info,Dr. Júlio Cavalcanti,(566) 973-3148
lennie2084@jaskolski.info,Gustavo Henriques,316/203-5351
emelie2052@daniel.biz,Ayla Regueira,947-642-8126
scarlett1945@pouros.org,Arthur Santos,5002198048
dorothy2026@goodwin.biz,Salvador Jesus Filho,7187579044
trace_dickens@rogahn.name,Luan Barros,817/713-1942
nadia1970@feil.org,Clara Araújo,5573186148
noemie.johnston@schroeder.name,Srta. Davi Lucas Louzada Filho,9762430599
zane2096@pouros.biz,Paula Roseira,(376) 431-7829
madalyn_kuvalis@romaguera.com,Ígor da Conceição,700/744-1265
vivian_barrows@bednar.net,Sra. Janaína de Borba Filho,(433) 683-5602
kieran_stracke@johns.com,Ana Luiza Guedes,427-594-2003
tyrell2041@okon.biz,Luiz Vasques,247-462-0549
isadore.marks@leannon.com,Júlio Vidal,8388234258
zachary.predovic@johnson.name,Srta. Márcia de Lara,702.235.3247
harvey1931@windler.biz,Maria Viveiros,257-605-6185
elvie1940@tremblay.info,Gúbio Barbosa,(305) 994-0290
don.rutherford@frami.biz,Pedro Henrique Macieira,851.222.1902
kayden1931@herzog.info,Maria Laura Lobos,6503974617
providenci.koss@armstrong.net,Frederico Bonfim,6635654228
dax1959@wintheiser.org,Gael de Lins,335-924-0708
mckenzie2012@schowalter.name,Maria Valentina Cachoeira Jr.,677-803-2862
amanda2027@mueller.info,Giulia Barroso,227/759-5757
dylan_kassulke@moore.name,Elísio Cavalcanti,7634575011
scotty.gutkowski@muller.org,Dra. Meire Vimaranes Filho,477.637.1903
adele_gaylord@roberts.info,Mariah Cavalcanti Neto,(203) 923-6151
fannie2013@dooley.biz,Elísio de Lara,(576) 906-6731
annabell.dickinson@beer.biz,Norberto Barata,446.796.3185
william2030@turcotte.info,Catarina Fernandes Neto,823.445.5762
edythe_kovacek@wiza.biz,Yago Regueira,8836121271
margaret2062@crist.info,Luiz Gustavo Pires,(915) 233-6197
bulah.nienow@maggio.info,Arthur de Quadros,507.776.8006
frances1904@franecki.info,Manuela Silva,513.914.6882
clementina.williamson@bosco.biz,Noah Gentil Neto,5027952031
kane.fisher@cole.biz,Thomas da Gama,951.708.2121
lilyan1948@gorczany.biz,Pietro Passarinho,927.863.2309
mae1935@jast.biz,Paula Figueira,542/622-6662
faye.legros@shields.name,Bento Alves,(976) 993-6260
emilia1932@lowe.org,Fabrícia Quarteira,(966) 919-8935
charley.bosco@conn.info,Dr. Pedro Lucas Pinheira Filho,(441) 577-3598
delores2010@beahan.net,Lorena Quaresma,8669281680
amelie1957@pouros.org,Lívia Costa,825-533-1316
robertojr.alcantara@gmail.com,Roberto,+55 (62) 9 9268-7593
